{
  "mean_spearman": 0.7136574828017807,
  "std_spearman": 0.08140096713704308,
  "median_spearman": 0.7355565146711801,
  "mean_pearson": 0.7397585062946779,
  "std_pearson": 0.09795382328443937,
  "median_pearson": 0.7677622563905648,
  "global_spearman": 0.7006869682155024,
  "global_pearson": 0.7371596721677923,
  "rmse": 0.7134607735868863,
  "mae": 0.5342379257669821,
  "n_proteins": 63,
  "n_mutations": 54953
}