{
  "train_loss": [
    0.8975334197282792,
    0.6529945010940233,
    0.6288375283281008,
    0.586461562414964,
    0.5848536665240923,
    0.538235279917717,
    0.5148742983738581,
    0.5073843826850255,
    0.48074072748422625,
    0.47186925609906516,
    0.5462067877252896,
    0.5194875140984853,
    0.5398995086550713,
    0.5015666459997495,
    0.47605113262931503,
    0.5228174780805905,
    0.47472854430476824,
    0.47901931355396904,
    0.45678548465172447,
    0.44895422210295993,
    0.4277516866723696,
    0.4310081660747528,
    0.4470300957560539,
    0.4160909545918306,
    0.4411564479271571,
    0.41166332612435025,
    0.41189994911352795,
    0.42139449243744215,
    0.4106138286491235,
    0.42319815705219904,
    0.46557801763216655,
    0.4591779100398223,
    0.44089799945553143,
    0.465279125670592,
    0.45320007304350535,
    0.4611672326922417,
    0.4111218313376109,
    0.4608655894796054,
    0.44268651902675626,
    0.41399464135368663,
    0.413005647311608,
    0.44215595175822575,
    0.40812125777204833,
    0.41961448366443316,
    0.40199116120735806,
    0.389575881510973,
    0.3869107651213805,
    0.38115252753098805,
    0.3768365311125914,
    0.37827419862151146,
    0.38204634363452594,
    0.38709675818681716,
    0.38477747738361356,
    0.3843337913354238,
    0.3642335720360279,
    0.35065010537703833,
    0.35158176720142365,
    0.35924276188015936,
    0.34042181024948753,
    0.3491146951913834,
    0.34172656337420143,
    0.3458677724003792,
    0.33007019783059754,
    0.3348028021554152,
    0.3284787267446518,
    0.3262482767303785,
    0.3384313307702541,
    0.33001212601860364,
    0.32377847731113435,
    0.3333362892270088,
    0.38499421030282976,
    0.3812976208825906,
    0.3782039908071359,
    0.3775478723148505,
    0.36457069565852485,
    0.3654674013455709,
    0.37758590703209244,
    0.3565956369042397,
    0.37066287944714227,
    0.34750655815005305,
    0.35932860275109607,
    0.3880929286281268,
    0.36585125053922335,
    0.34148675377170246,
    0.3664706235130628,
    0.3400761653979619,
    0.36112929657101633,
    0.35361844475070636,
    0.33818946008880935,
    0.3357212238013744,
    0.33252417941888174,
    0.3294343421856562,
    0.320210025459528,
    0.3551532822350661,
    0.32416897838314374,
    0.31027726804216704,
    0.33788970758517584,
    0.34015203788876536,
    0.32253430063525834,
    0.31702832579612733
  ],
  "val_spearman": [
    0.5832480947366687,
    0.614456307422824,
    0.6333885186362329,
    0.6577701111144608,
    0.6660290408238291,
    0.6744845443417987,
    0.6818168864107923,
    0.6867828264878695,
    0.6886537059877328,
    0.6902157965636961,
    0.6790539134975074,
    0.6886029987030885,
    0.6941569394365409,
    0.6923842335233066,
    0.6982162887387786,
    0.6962476646625798,
    0.7069252738318366,
    0.6985743384233088,
    0.7064607556033639,
    0.7078158901653775,
    0.7041962639004582,
    0.7107984797009735,
    0.713089641381364,
    0.7075228588336097,
    0.7180200421888491,
    0.7124661943660932,
    0.7192223475122305,
    0.7193727335765623,
    0.7187286418822099,
    0.7187338649320407,
    0.6889500277828481,
    0.7184759790939889,
    0.7158986026425405,
    0.7027152858844936,
    0.7049399429307915,
    0.7239443677341861,
    0.708401828724756,
    0.722036308560546,
    0.7247236155580515,
    0.7175947133546535,
    0.6830955081940934,
    0.7074454836433456,
    0.7310327324282914,
    0.7425339609364208,
    0.7016102198511344,
    0.7369639936296343,
    0.7350401761133233,
    0.7436502929477986,
    0.7363639611839425,
    0.7337703393202148,
    0.737503063537728,
    0.7454516004404195,
    0.7375414335611871,
    0.7466745447931192,
    0.7434572473888212,
    0.7464410461391344,
    0.7400719279121455,
    0.7467095902804907,
    0.749951592723061,
    0.7479302700796511,
    0.7363615295942336,
    0.7472475793808147,
    0.7450991567666527,
    0.7485724447593143,
    0.7495043628216915,
    0.7488539183426098,
    0.7495489627841246,
    0.749516294902719,
    0.750036486049376,
    0.7500054422126077,
    0.7497936858659784,
    0.7414610203070168,
    0.724813591220564,
    0.7435393799930918,
    0.7383000568628025,
    0.7489433571912257,
    0.7492086330105621,
    0.7358829810138131,
    0.7576665308777054,
    0.7441776790958058,
    0.7485251261051964,
    0.757731485767512,
    0.7543079435886036,
    0.7533421257320482,
    0.747524698054868,
    0.7498607385801066,
    0.7587965090727002,
    0.7581055286772911,
    0.758151585200633,
    0.7465645202111658,
    0.7577427914206987,
    0.7482524440862469,
    0.7627359123905634,
    0.7541860296679741,
    0.7643502600881552,
    0.7645611079722751,
    0.7641121001683049,
    0.7562281993507217,
    0.7595674588012007,
    0.7592074941082698
  ],
  "val_rmse": [
    0.8051913487865495,
    0.6871683788501549,
    0.7227771521302679,
    0.6896442315678517,
    0.6659929660384948,
    0.6652289153524806,
    0.7348234292573587,
    0.6943308850471062,
    0.6456429466127088,
    0.6546269005938682,
    0.730178691054475,
    0.6589473749935737,
    0.7001589973823926,
    0.6396846367878911,
    0.651921163012735,
    0.7265604689918699,
    0.633076535225818,
    0.635772166616458,
    0.6168605848801446,
    0.6215613183523807,
    0.6365894261986361,
    0.6285706079268597,
    0.6168337049306906,
    0.6369193623754958,
    0.620172759028136,
    0.6177886049597299,
    0.6180144832283574,
    0.6171836481234858,
    0.6150718186788328,
    0.6171632566758024,
    0.6498040546487565,
    0.6220051426317935,
    0.640795477178222,
    0.63569953882923,
    0.669867317952919,
    0.6127795820753333,
    0.6306080647394294,
    0.6765259958753953,
    0.6292565607991091,
    0.6340403049250037,
    0.6578923913087761,
    0.6375625382796339,
    0.6139009606371956,
    0.5934782158648146,
    0.628033980215361,
    0.6278078426136898,
    0.6012746939247804,
    0.6005325907796913,
    0.6782869564900372,
    0.6201496952776764,
    0.5927716217917285,
    0.5966838565306899,
    0.60279410804614,
    0.603949052399433,
    0.5946916521910528,
    0.5868995791238901,
    0.5909982982520088,
    0.5991198451711931,
    0.6088736704672789,
    0.5791995772841758,
    0.5924221925182872,
    0.5821199826076385,
    0.5818438928815529,
    0.580143974782249,
    0.5853865199846261,
    0.5867272093877622,
    0.5841287081395165,
    0.5812248277370287,
    0.5822438204973891,
    0.5818780689333116,
    0.616815264835281,
    0.5964726392609375,
    0.6122818999797869,
    0.5861433459189098,
    0.6093299846113208,
    0.5793552520574399,
    0.5802787421865967,
    0.5924342392078988,
    0.6081233128505767,
    0.5933533622779786,
    0.5720274071690746,
    0.5804105395695603,
    0.578853105246064,
    0.599105761426273,
    0.5910402899709363,
    0.6026237575903375,
    0.6127746219959077,
    0.6103511449802173,
    0.679812105870754,
    0.5799602019007,
    0.6124341874500493,
    0.5725878013411372,
    0.5798151099196788,
    0.5758002662387289,
    0.6085185259970842,
    0.5785649592294244,
    0.5622471212188361,
    0.5726875353562979,
    0.5766659290880191,
    0.6420560728852999
  ]
}