{
  "test_results": {
    "mean_spearman": 0.745639531091309,
    "std_spearman": 0.08638762586549605,
    "median_spearman": 0.7751590993423817,
    "weighted_spearman": 0.743309429225912,
    "mean_pearson": 0.8001676866538946,
    "std_pearson": 0.08550963241431347,
    "median_pearson": 0.8174778517779654,
    "weighted_pearson": 0.7999884907408195,
    "global_spearman": 0.7116937425737823,
    "global_pearson": 0.7628518202192303,
    "rmse": 0.7003727360379263,
    "mae": 0.5213162341036762,
    "n_proteins": 28,
    "n_mutations": 28172
  },
  "model_info": {
    "bias_gates": {
      "layer_0": [
        0.12161728739738464,
        0.1365565061569214,
        0.14905022084712982,
        0.1261240392923355,
        0.13741640746593475,
        0.1271086186170578,
        0.13403496146202087,
        0.1375618726015091
      ],
      "layer_1": [
        0.16545768082141876,
        0.14004163444042206,
        0.17075717449188232,
        0.14996880292892456,
        0.15214316546916962,
        0.16605475544929504,
        0.15101125836372375,
        0.17627963423728943
      ],
      "layer_2": [
        0.1576235443353653,
        0.15138526260852814,
        0.15233762562274933,
        0.15329207479953766,
        0.18342851102352142,
        0.17920978367328644,
        0.15170174837112427,
        0.1892683506011963
      ],
      "layer_3": [
        0.1421090066432953,
        0.16043685376644135,
        0.154996857047081,
        0.14734427630901337,
        0.18846626579761505,
        0.15005582571029663,
        0.15338057279586792,
        0.14350387454032898
      ]
    },
    "bias_scales": [
      0.45061013102531433,
      0.45150792598724365,
      0.624148964881897,
      0.46878501772880554,
      0.5927908420562744,
      0.6138941645622253,
      0.4807436764240265,
      0.6117851138114929
    ],
    "num_parameters": 5797956
  }
}