{
  "train_loss": [
    0.4882528374627816,
    0.3369735300116692,
    0.27261434465399276,
    0.2341303801692112,
    0.2040856715870639,
    0.18091364092638768,
    0.16238162959102775,
    0.14906691342662945,
    0.13854429793951775,
    0.1319389057435175
  ],
  "val_spearman": [
    0.7102154811304614,
    0.7600134095577761,
    0.7779000575817487
  ],
  "val_rmse": [
    0.6065213680267334,
    0.574428141117096,
    0.5585770010948181
  ]
}