{
  "train_loss": [
    0.8068476865688959,
    0.6273361836870511,
    0.5979011868437131,
    0.5851708454390366,
    0.5527937908967336,
    0.5173944046099981,
    0.5060754542549452,
    0.47215359210968016,
    0.4557620609800021,
    0.43880933001637457,
    0.5375744715332985,
    0.5221467614173889,
    0.5292425041397413,
    0.5331275562445322,
    0.4637065976858139,
    0.4813357010483742,
    0.509313341975212,
    0.473016253610452,
    0.4616081188122431,
    0.4539847053587437,
    0.4296443792680899,
    0.43116604040066403,
    0.4394288010895252,
    0.4104297772049904,
    0.43387164423863095,
    0.40747591430942215,
    0.3980180469652017,
    0.4073603053887685,
    0.3964158147573471,
    0.40654575973749163,
    0.4729444662729899,
    0.4948038198053837,
    0.45558472027381264,
    0.48174229512612027,
    0.453100494047006,
    0.44064957797527315,
    0.41378467430671056,
    0.4277816742658615,
    0.41748009622097015,
    0.4392239900926749,
    0.42353568946321807,
    0.4337993487715721,
    0.41220356673002245,
    0.4104266482094924,
    0.40059636582930885,
    0.3877087066570918,
    0.3972975177069505,
    0.37089389736453693,
    0.3760411488513152,
    0.378094399223725,
    0.37349228536089263,
    0.37180736909310025,
    0.37352841223279637,
    0.3701017931103706,
    0.35138746028145157,
    0.3467664177219073,
    0.3434741939107577,
    0.3502554625272751,
    0.3325357295572758,
    0.3374226833383242,
    0.3317000940442085,
    0.337775399039189,
    0.3206019644935926,
    0.3237317457795143,
    0.3157121854523818,
    0.3138969759146372,
    0.3256369781990846,
    0.3170191676666339,
    0.30630645180741944,
    0.31872897321979204,
    0.38582539980610214,
    0.3616157539188862,
    0.37060034399231273,
    0.41476160710056625,
    0.36281328871846197,
    0.3605132249494394,
    0.36930199538667996
  ],
  "val_spearman": [
    0.6105622647807828,
    0.6387327857490636,
    0.6491597035925425,
    0.6779818693685393,
    0.6861010333669083,
    0.6905680971045981,
    0.6985135870725541,
    0.6984694189145088,
    0.6968886521755936,
    0.6997755515252057,
    0.6947410346289834,
    0.6948350840098483,
    0.6982566567233884,
    0.6969334756756097,
    0.6979410694051952,
    0.6955023179944967,
    0.7054735155027507,
    0.7063964669674937,
    0.7099176412170165,
    0.705448884251115,
    0.713590539727875,
    0.712398414797581,
    0.7167292446708395,
    0.7014732706199429,
    0.7219278178047053,
    0.7133581699995448,
    0.7221063385239729,
    0.7235345379705242,
    0.7225739343410232,
    0.7228218598362711,
    0.7145523945477728,
    0.692043990912152,
    0.7157994458339988,
    0.6817292406420168,
    0.6813074876937973,
    0.724197228372602,
    0.7173803171300707,
    0.7305598047413013,
    0.7305137831045831,
    0.7299064192048843,
    0.7060553809264294,
    0.7304693884296855,
    0.7328461465257243,
    0.7399272789038349,
    0.7006451753937348,
    0.742360355159029,
    0.7340976545533356,
    0.7463097469505763,
    0.7432345843185646,
    0.7343351899424727,
    0.7424709734711377,
    0.7477840939836385,
    0.7308346140926809,
    0.7417805488513123,
    0.7455553497161439,
    0.7455283508595768,
    0.7356890794998825,
    0.7508455161041032,
    0.7506568563996899,
    0.7430152217586107,
    0.7331258345338961,
    0.7480515161910256,
    0.7475036892490994,
    0.7505127433023892,
    0.7509603189483188,
    0.7503819514986033,
    0.7524615054621858,
    0.7522015130406465,
    0.752447465575323,
    0.7524128594159106,
    0.7514375491096064,
    0.7322496205228151,
    0.7241417122741889,
    0.743851998102142,
    0.7191845535511698,
    0.7361335146278558,
    0.7463420363642975
  ],
  "val_rmse": [
    0.7863128570941095,
    0.7054214245860747,
    0.6847763763709285,
    0.6642294806541228,
    0.6671996463795602,
    0.6470383305072055,
    0.6441085582967842,
    0.6483804867509578,
    0.6348216670893599,
    0.6499330572607435,
    0.6494560032774177,
    0.6454773201815611,
    0.6407720292043549,
    0.6565187494719358,
    0.719179830739939,
    0.6525854426395903,
    0.6513417738321291,
    0.6282223826588346,
    0.6162242173302476,
    0.6650293909623507,
    0.6738271572007456,
    0.6344969438852932,
    0.6263156697211946,
    0.6570762468841559,
    0.6401916862585776,
    0.6112119801603156,
    0.6161226209308102,
    0.6115990993918832,
    0.6094279377963386,
    0.612308912736476,
    0.6447007710171198,
    0.719662632665723,
    0.6193955440623606,
    0.6845393505279601,
    0.6433690964469423,
    0.6067379242808686,
    0.615888741967307,
    0.6083983411740694,
    0.616946871520613,
    0.6049911681760912,
    0.6315217039520461,
    0.6216541045854923,
    0.6107741602806238,
    0.6039345099163117,
    0.6327703680850306,
    0.6472667266988372,
    0.6030724334920402,
    0.5900587102090472,
    0.6320396369202209,
    0.6142997141875429,
    0.5913648715166601,
    0.5807815653082283,
    0.6109053152957057,
    0.5860176019968996,
    0.5916702932149093,
    0.5747466104297911,
    0.5896201147728638,
    0.6035089503415767,
    0.5848437521959171,
    0.5802254505267617,
    0.5904816374132905,
    0.5746556718922322,
    0.5755112961234802,
    0.575872369131963,
    0.5794142537244266,
    0.5805076391316984,
    0.5783297409282877,
    0.5738097428241109,
    0.5750952896417453,
    0.574916293727682,
    0.596649922103363,
    0.6035466750604019,
    0.619304440403483,
    0.5945470091588407,
    0.6306027942997744,
    0.5752291053785026,
    0.5969620507026233
  ]
}