{
  "test_results": {
    "mean_spearman": 0.7337988432805903,
    "std_spearman": 0.08478235647196057,
    "median_spearman": 0.7433064036907,
    "weighted_spearman": 0.7308377874084714,
    "mean_pearson": 0.788885345566347,
    "std_pearson": 0.0828592877929083,
    "median_pearson": 0.8113845933300129,
    "weighted_pearson": 0.7880551071739843,
    "global_spearman": 0.6985182501906048,
    "global_pearson": 0.7510802369532132,
    "rmse": 0.7323381164126516,
    "mae": 0.5436850265510426,
    "n_proteins": 28,
    "n_mutations": 28172
  },
  "model_info": {
    "bias_gates": {
      "layer_0": [
        0.13152016699314117,
        0.12438078224658966,
        0.12001620978116989,
        0.12552602589130402,
        0.12797389924526215,
        0.120890311896801,
        0.12440796196460724,
        0.11872326582670212
      ],
      "layer_1": [
        0.1363961398601532,
        0.13247498869895935,
        0.13906629383563995,
        0.13853973150253296,
        0.1346295177936554,
        0.12087972462177277,
        0.1339801698923111,
        0.12964236736297607
      ],
      "layer_2": [
        0.14237189292907715,
        0.13706380128860474,
        0.14078371226787567,
        0.12498708069324493,
        0.1360439658164978,
        0.13112705945968628,
        0.13913138210773468,
        0.14421488344669342
      ],
      "layer_3": [
        0.13627207279205322,
        0.13539448380470276,
        0.13114076852798462,
        0.146107479929924,
        0.13765446841716766,
        0.13068659603595734,
        0.13214167952537537,
        0.12828780710697174
      ]
    },
    "bias_scales": [
      0.3315069079399109,
      0.3034627437591553,
      0.3192446529865265,
      0.31348299980163574,
      0.2968902587890625,
      0.20601128041744232,
      0.28833916783332825,
      0.2682173550128937
    ],
    "num_parameters": 2300868
  }
}