{
  "train_loss": [
    1.374325536324036,
    0.7454388192539961,
    0.6057842955399804,
    0.5219093391833074,
    0.46533101616805134,
    0.422190482753593,
    0.3845556771840065,
    0.3567445153549473,
    0.3377884297254954,
    0.3258265935830233
  ],
  "val_spearman": [
    0.7174998938282859,
    0.7759701517684897,
    0.7888802001003796
  ],
  "val_rmse": [
    0.6249045133590698,
    0.5915130376815796,
    0.580295205116272
  ]
}