{
  "test_results": {
    "mean_spearman": 0.7455092897708034,
    "std_spearman": 0.0903328801567738,
    "median_spearman": 0.7808720114102902,
    "weighted_spearman": 0.7427948156242163,
    "mean_pearson": 0.7977741652923831,
    "std_pearson": 0.08972669576024492,
    "median_pearson": 0.8269759636522276,
    "weighted_pearson": 0.7968094235232757,
    "global_spearman": 0.7119898758513764,
    "global_pearson": 0.7609458532680604,
    "rmse": 0.7092264196116818,
    "mae": 0.5271551212657278,
    "n_proteins": 28,
    "n_mutations": 28172
  },
  "model_info": {
    "bias_gates": {
      "layer_0": [
        0.14918799698352814,
        0.13746754825115204,
        0.14819790422916412,
        0.1550063192844391,
        0.12195922434329987,
        0.13596469163894653,
        0.12811604142189026,
        0.13987389206886292
      ],
      "layer_1": [
        0.16718238592147827,
        0.18832461535930634,
        0.18185549974441528,
        0.17503556609153748,
        0.15930142998695374,
        0.1442844718694687,
        0.18902017176151276,
        0.12676160037517548
      ],
      "layer_2": [
        0.17616376280784607,
        0.1628713458776474,
        0.17347462475299835,
        0.1506572812795639,
        0.1457657665014267,
        0.1433790922164917,
        0.16430321335792542,
        0.1829492598772049
      ],
      "layer_3": [
        0.16621606051921844,
        0.1612580269575119,
        0.15633806586265564,
        0.18451406061649323,
        0.19840142130851746,
        0.1633768230676651,
        0.16400277614593506,
        0.16116079688072205
      ]
    },
    "bias_scales": [
      0.6716621518135071,
      0.6678257584571838,
      0.7008521556854248,
      0.6588430404663086,
      0.5411760807037354,
      0.4412807524204254,
      0.6337729692459106,
      0.5308505892753601
    ],
    "num_parameters": 2300868
  }
}