{
  "mean_spearman": 0.7093983498209528,
  "std_spearman": 0.09371537336234967,
  "median_spearman": 0.7371762619775768,
  "mean_pearson": 0.7508855928810438,
  "std_pearson": 0.09933471190123884,
  "median_pearson": 0.7898730246745408,
  "global_spearman": 0.6807598998727656,
  "global_pearson": 0.7148930912245058,
  "rmse": 0.6788342348490194,
  "mae": 0.4959770759027795,
  "n_proteins": 63,
  "n_mutations": 54487
}