{
  "train_loss": [
    0.8905648122231166,
    0.6301870793104172,
    0.6035839344064394,
    0.578146043419838,
    0.5438676173488299,
    0.529227823515733,
    0.5011903012792269,
    0.5075719137986501,
    0.4748868281642596,
    0.46196871176362037,
    0.5282754436135292,
    0.5235371450583141,
    0.5018917108575504,
    0.49975170493125914,
    0.5248611730833849,
    0.4798010674615701,
    0.49524277448654175,
    0.4808298334479332,
    0.4450292979677518,
    0.4482848117748896,
    0.43553904940684635,
    0.4296693722407023,
    0.4496912064651648,
    0.41556359802683196,
    0.4368077665567398,
    0.4171093521018823,
    0.41319026350975036,
    0.4213348167637984,
    0.4110866501927376,
    0.4197054773569107,
    0.46572907467683156,
    0.4592273272573948,
    0.43345702439546585,
    0.4659841691454252,
    0.4473062592248122,
    0.4492590367794037,
    0.43396248122056325,
    0.45063602899511657,
    0.4442489768067996,
    0.40803180932998656,
    0.4260162060459455,
    0.4436983786523342,
    0.4141765733559926,
    0.4283652963737647,
    0.3956222891807556,
    0.3908229939639568,
    0.3785037825504939,
    0.3839166536927223,
    0.37978266601761185,
    0.3822252252449592,
    0.37841801991065344,
    0.37403704300522805,
    0.3850919519861539,
    0.3862732835114002,
    0.361960065116485,
    0.35203448434670764,
    0.3526371066768964,
    0.36635582049687704,
    0.33488178153832754,
    0.3538926457365354,
    0.3413517504930496,
    0.3476082826654116,
    0.33460111965735756,
    0.33535471856594085,
    0.33101801872253417,
    0.3266232264538606,
    0.33634692057967186,
    0.32949602653582893,
    0.3228446662425995,
    0.33361672312021257,
    0.39205030128359797,
    0.3941982773443063,
    0.37293184449275335,
    0.3832116052508354,
    0.3609983096520106,
    0.376153501868248,
    0.398589043567578,
    0.3525620664159457,
    0.37236068497101465,
    0.3588054969906807,
    0.36236223156253494,
    0.37167201191186905,
    0.3683450534939766,
    0.3495886360605558,
    0.3754786195854346,
    0.34838462273279824,
    0.3648824989795685,
    0.36749488512674966,
    0.3429086705048879,
    0.34638913969198865,
    0.3395466628173987,
    0.32805678248405457,
    0.31947478353977204
  ],
  "val_spearman": [
    0.5839468479676496,
    0.6285896500969534,
    0.6422422730492486,
    0.6669966907573333,
    0.6803885651070574,
    0.6855324939628634,
    0.6876051288703029,
    0.6941700904117986,
    0.6958411428865139,
    0.6968703641360482,
    0.6934113120445462,
    0.6860848431209425,
    0.701007069884073,
    0.6927868828364174,
    0.7003958912179248,
    0.7044725467075169,
    0.7057400034636356,
    0.6955812092289216,
    0.6999225686987998,
    0.6991751806300032,
    0.7115133261845331,
    0.7117553384202728,
    0.7134068251747752,
    0.7080410093789283,
    0.7186585095447503,
    0.7137155600622564,
    0.7198355506468859,
    0.7193898628100764,
    0.7192799896548892,
    0.7190436801366351,
    0.7138029803825795,
    0.7170656671727293,
    0.7137036107162784,
    0.7087173804261996,
    0.6947963709312297,
    0.7230627674389304,
    0.7060179789109321,
    0.7237876311251759,
    0.7230091359192377,
    0.7240074356161595,
    0.6864753657974342,
    0.7206123444062432,
    0.7259309835830033,
    0.73946177178325,
    0.7229335868925283,
    0.7339623401305279,
    0.7322880658467446,
    0.7416178552681183,
    0.7378221667702307,
    0.7316485723745328,
    0.7348262601235297,
    0.7425339532612549,
    0.7342681586057804,
    0.7431517599562718,
    0.7466248666769612,
    0.7448590444023286,
    0.7364183902271606,
    0.7455004472164452,
    0.7470142035152518,
    0.7447364823941859,
    0.7310067341465897,
    0.7452159828190821,
    0.7430285837430703,
    0.7447502451311011,
    0.7469230189405782,
    0.7463219048933726,
    0.7472882872191849,
    0.7470256785130812,
    0.7474059058925472,
    0.7473968032030487,
    0.7313937839643868,
    0.7458004481927206,
    0.7407112189949802,
    0.7433026184052585,
    0.7237891963851,
    0.7428070471888687,
    0.7490571554227168,
    0.7344798074449271,
    0.7538404873652627,
    0.7458051330361568,
    0.7486574966211986,
    0.749612595070749,
    0.7565648915690893,
    0.7521026691609767,
    0.7420881080851015,
    0.7487431790023659,
    0.7520310638910817,
    0.7517137512967799,
    0.7547287991691012,
    0.7496597665286788,
    0.7544078611646332,
    0.7463996019393919,
    0.7558594818644765
  ],
  "val_rmse": [
    0.7420708093919969,
    0.6907696482599233,
    0.7188770272069345,
    0.6691921410624326,
    0.6716521159675782,
    0.7058661228286134,
    0.7382699894096381,
    0.693041431489296,
    0.6402660365869342,
    0.6481411866142178,
    0.6419906381802751,
    0.661036357961037,
    0.6536869366547255,
    0.6485552538999791,
    0.650555077883274,
    0.632850277325299,
    0.634661099540739,
    0.6321970678186127,
    0.6296061127988918,
    0.6472114607372255,
    0.6470267508966906,
    0.6310406407613354,
    0.6178153940049858,
    0.6425996767044001,
    0.6231036320616048,
    0.6190773848341867,
    0.618597798454475,
    0.6166903403498672,
    0.6151266373952515,
    0.6166473857962498,
    0.6189811995020904,
    0.6222326018789335,
    0.6255644242706887,
    0.6184057786746862,
    0.6739833820685072,
    0.6448358123234788,
    0.63089901215745,
    0.7307456944285404,
    0.6811882144651734,
    0.6129494918376511,
    0.669327345614649,
    0.6360117877730266,
    0.6277220017554307,
    0.6057712660983018,
    0.6369892999566518,
    0.6144884405580491,
    0.6104864899256414,
    0.5930277007994095,
    0.6461015120756847,
    0.6182831491151958,
    0.5918995205893736,
    0.5896393962146929,
    0.6058203518652802,
    0.6001017826197796,
    0.5937808233039649,
    0.5849777347088777,
    0.5923392777935609,
    0.5943742190280276,
    0.6053629732794723,
    0.5802942750613146,
    0.5984686784852977,
    0.5799608028627359,
    0.5800879452013475,
    0.5811316908625939,
    0.585638332561162,
    0.5867228328773475,
    0.5839760074252096,
    0.5811698968759539,
    0.5819374056268792,
    0.5817897883266565,
    0.5936563243141844,
    0.6776146734764831,
    0.5936180431359463,
    0.5899379726162409,
    0.628696484900677,
    0.5852662320271741,
    0.580633600478555,
    0.5906305620598474,
    0.6292701422879466,
    0.6799353370621408,
    0.5740483053920108,
    0.5856750801502987,
    0.5750867898335679,
    0.6047751486075602,
    0.6107448220269812,
    0.6060145250071718,
    0.628512966995249,
    0.6211954240773065,
    0.6488087939538272,
    0.5739791669867286,
    0.636068430198108,
    0.5791616729845493,
    0.5804102867470723
  ]
}