{
  "mean_spearman": 0.7234035504455935,
  "std_spearman": 0.07911925157984107,
  "median_spearman": 0.738767222822165,
  "mean_pearson": 0.7661318033092757,
  "std_pearson": 0.07145051950934202,
  "median_pearson": 0.7911771260956755,
  "global_spearman": 0.7121491366951129,
  "global_pearson": 0.7635119931701435,
  "rmse": 0.6397360727742973,
  "mae": 0.4717409901923857,
  "n_proteins": 51,
  "n_mutations": 51545
}